Nome,Idade,Salário,Imposto
Caio,38,7192,1294.56
Myke,35,7843,1411.74
Gustavo,22,3829,689.22
João,37,4847,872.4599999999999
Gabriel,39,5647,1016.4599999999999
Luiz,44,6834,1230.12
